label,id
dog,dog.1.jpg
dog,dog.10.jpg
dog,dog.11.jpg
dog,dog.12.jpg
dog,dog.13.jpg
dog,dog.14.jpg
dog,dog.15.jpg
dog,dog.16.jpg
dog,dog.17.jpg
dog,dog.18.jpg
dog,dog.19.jpg
dog,dog.2.jpg
dog,dog.20.jpg
dog,dog.21.jpg
dog,dog.22.jpg
dog,dog.23.jpg
dog,dog.24.jpg
dog,dog.25.jpg
dog,dog.26.jpg
dog,dog.27.jpg
dog,dog.28.jpg
dog,dog.29.jpg
dog,dog.3.jpg
dog,dog.30.jpg
dog,dog.31.jpg
dog,dog.32.jpg
dog,dog.33.jpg
dog,dog.34.jpg
dog,dog.35.jpg
dog,dog.36.jpg
dog,dog.37.jpg
dog,dog.38.jpg
dog,dog.39.jpg
dog,dog.4.jpg
dog,dog.40.jpg
dog,dog.41.jpg
dog,dog.42.jpg
dog,dog.43.jpg
dog,dog.44.jpg
dog,dog.45.jpg
dog,dog.46.jpg
dog,dog.47.jpg
dog,dog.48.jpg
dog,dog.49.jpg
dog,dog.5.jpg
dog,dog.6.jpg
dog,dog.7.jpg
dog,dog.8.jpg
dog,dog.9.jpg
cat,cat.1.jpg
cat,cat.10.jpg
cat,cat.11.jpg
cat,cat.12.jpg
cat,cat.13.jpg
cat,cat.14.jpg
cat,cat.15.jpg
cat,cat.16.jpg
cat,cat.17.jpg
cat,cat.18.jpg
cat,cat.19.jpg
cat,cat.2.jpg
cat,cat.20.jpg
cat,cat.21.jpg
cat,cat.22.jpg
cat,cat.23.jpg
cat,cat.24.jpg
cat,cat.25.jpg
cat,cat.26.jpg
cat,cat.27.jpg
cat,cat.28.jpg
cat,cat.29.jpg
cat,cat.3.jpg
cat,cat.30.jpg
cat,cat.31.jpg
cat,cat.32.jpg
cat,cat.33.jpg
cat,cat.34.jpg
cat,cat.35.jpg
cat,cat.36.jpg
cat,cat.37.jpg
cat,cat.38.jpg
cat,cat.39.jpg
cat,cat.4.jpg
cat,cat.40.jpg
cat,cat.41.jpg
cat,cat.42.jpg
cat,cat.43.jpg
cat,cat.44.jpg
cat,cat.45.jpg
cat,cat.46.jpg
cat,cat.47.jpg
cat,cat.48.jpg
cat,cat.49.jpg
cat,cat.5.jpg
cat,cat.6.jpg
cat,cat.7.jpg
cat,cat.8.jpg
cat,cat.9.jpg
